{
  "tables": {
    "calendar_feeds": {
      "columns": [
        {
          "cid": 0,
          "name": "id",
          "type": "INTEGER",
          "notnull": 0,
          "dflt_value": null,
          "pk": 1
        },
        {
          "cid": 1,
          "name": "url",
          "type": "TEXT",
          "notnull": 1,
          "dflt_value": null,
          "pk": 0
        },
        {
          "cid": 2,
          "name": "category_id",
          "type": "INTEGER",
          "notnull": 0,
          "dflt_value": null,
          "pk": 0
        },
        {
          "cid": 3,
          "name": "last_synced",
          "type": "TIMESTAMP",
          "notnull": 0,
          "dflt_value": "CURRENT_TIMESTAMP",
          "pk": 0
        },
        {
          "cid": 4,
          "name": "auto_sync",
          "type": "INTEGER",
          "notnull": 0,
          "dflt_value": "0",
          "pk": 0
        },
        {
          "cid": 5,
          "name": "created_at",
          "type": "TIMESTAMP",
          "notnull": 0,
          "dflt_value": "CURRENT_TIMESTAMP",
          "pk": 0
        },
        {
          "cid": 6,
          "name": "created_by",
          "type": "INTEGER",
          "notnull": 0,
          "dflt_value": null,
          "pk": 0
        }
      ],
      "row_count": 0
    },
    "client_communications": {
      "columns": [
        {
          "cid": 0,
          "name": "id",
          "type": "INTEGER",
          "notnull": 0,
          "dflt_value": null,
          "pk": 1
        },
        {
          "cid": 1,
          "name": "client_id",
          "type": "INTEGER",
          "notnull": 1,
          "dflt_value": null,
          "pk": 0
        },
        {
          "cid": 2,
          "name": "user_id",
          "type": "INTEGER",
          "notnull": 1,
          "dflt_value": null,
          "pk": 0
        },
        {
          "cid": 3,
          "name": "date",
          "type": "TEXT",
          "notnull": 1,
          "dflt_value": null,
          "pk": 0
        },
        {
          "cid": 4,
          "name": "type",
          "type": "TEXT",
          "notnull": 1,
          "dflt_value": null,
          "pk": 0
        },
        {
          "cid": 5,
          "name": "notes",
          "type": "TEXT",
          "notnull": 1,
          "dflt_value": null,
          "pk": 0
        }
      ],
      "row_count": 0
    },
    "clients": {
      "columns": [
        {
          "cid": 0,
          "name": "id",
          "type": "INTEGER",
          "notnull": 0,
          "dflt_value": null,
          "pk": 1
        },
        {
          "cid": 1,
          "name": "name",
          "type": "TEXT",
          "notnull": 1,
          "dflt_value": null,
          "pk": 0
        },
        {
          "cid": 2,
          "name": "color",
          "type": "TEXT",
          "notnull": 1,
          "dflt_value": null,
          "pk": 0
        },
        {
          "cid": 3,
          "name": "contact_person",
          "type": "TEXT",
          "notnull": 0,
          "dflt_value": null,
          "pk": 0
        },
        {
          "cid": 4,
          "name": "phone",
          "type": "TEXT",
          "notnull": 0,
          "dflt_value": null,
          "pk": 0
        },
        {
          "cid": 5,
          "name": "email",
          "type": "TEXT",
          "notnull": 0,
          "dflt_value": null,
          "pk": 0
        },
        {
          "cid": 6,
          "name": "address",
          "type": "TEXT",
          "notnull": 0,
          "dflt_value": null,
          "pk": 0
        },
        {
          "cid": 7,
          "name": "city",
          "type": "TEXT",
          "notnull": 0,
          "dflt_value": null,
          "pk": 0
        },
        {
          "cid": 8,
          "name": "state",
          "type": "TEXT",
          "notnull": 0,
          "dflt_value": null,
          "pk": 0
        },
        {
          "cid": 9,
          "name": "zip",
          "type": "TEXT",
          "notnull": 0,
          "dflt_value": null,
          "pk": 0
        },
        {
          "cid": 10,
          "name": "notes",
          "type": "TEXT",
          "notnull": 0,
          "dflt_value": null,
          "pk": 0
        },
        {
          "cid": 11,
          "name": "preferences",
          "type": "TEXT",
          "notnull": 0,
          "dflt_value": null,
          "pk": 0
        },
        {
          "cid": 12,
          "name": "created_at",
          "type": "TEXT",
          "notnull": 1,
          "dflt_value": "datetime('now')",
          "pk": 0
        },
        {
          "cid": 13,
          "name": "created_by",
          "type": "INTEGER",
          "notnull": 0,
          "dflt_value": null,
          "pk": 0
        }
      ],
      "row_count": 2
    },
    "element_types": {
      "columns": [
        {
          "cid": 0,
          "name": "type_id",
          "type": "INTEGER",
          "notnull": 0,
          "dflt_value": null,
          "pk": 1
        },
        {
          "cid": 1,
          "name": "type_name",
          "type": "TEXT",
          "notnull": 1,
          "dflt_value": null,
          "pk": 0
        }
      ],
      "row_count": 15
    },
    "elements": {
      "columns": [
        {
          "cid": 0,
          "name": "element_id",
          "type": "INTEGER",
          "notnull": 0,
          "dflt_value": null,
          "pk": 1
        },
        {
          "cid": 1,
          "name": "type_id",
          "type": "INTEGER",
          "notnull": 1,
          "dflt_value": null,
          "pk": 0
        },
        {
          "cid": 2,
          "name": "item_description",
          "type": "TEXT",
          "notnull": 1,
          "dflt_value": null,
          "pk": 0
        },
        {
          "cid": 3,
          "name": "item_number",
          "type": "TEXT",
          "notnull": 0,
          "dflt_value": null,
          "pk": 0
        },
        {
          "cid": 4,
          "name": "quantity",
          "type": "INTEGER",
          "notnull": 1,
          "dflt_value": null,
          "pk": 0
        },
        {
          "cid": 5,
          "name": "location",
          "type": "TEXT",
          "notnull": 1,
          "dflt_value": null,
          "pk": 0
        },
        {
          "cid": 6,
          "name": "is_kit_component",
          "type": "BOOLEAN",
          "notnull": 0,
          "dflt_value": "0",
          "pk": 0
        }
      ],
      "row_count": 5
    },
    "equipment": {
      "columns": [
        {
          "cid": 0,
          "name": "id",
          "type": "INTEGER",
          "notnull": 0,
          "dflt_value": null,
          "pk": 1
        },
        {
          "cid": 1,
          "name": "name",
          "type": "TEXT",
          "notnull": 1,
          "dflt_value": null,
          "pk": 0
        },
        {
          "cid": 2,
          "name": "description",
          "type": "TEXT",
          "notnull": 0,
          "dflt_value": null,
          "pk": 0
        },
        {
          "cid": 3,
          "name": "quantity",
          "type": "INTEGER",
          "notnull": 1,
          "dflt_value": "1",
          "pk": 0
        },
        {
          "cid": 4,
          "name": "status",
          "type": "TEXT",
          "notnull": 0,
          "dflt_value": "'available'",
          "pk": 0
        },
        {
          "cid": 5,
          "name": "created_by",
          "type": "INTEGER",
          "notnull": 0,
          "dflt_value": null,
          "pk": 0
        },
        {
          "cid": 6,
          "name": "created_at",
          "type": "TEXT",
          "notnull": 1,
          "dflt_value": "datetime('now')",
          "pk": 0
        }
      ],
      "row_count": 0
    },
    "equipment_assignments": {
      "columns": [
        {
          "cid": 0,
          "name": "id",
          "type": "INTEGER",
          "notnull": 0,
          "dflt_value": null,
          "pk": 1
        },
        {
          "cid": 1,
          "name": "event_id",
          "type": "INTEGER",
          "notnull": 1,
          "dflt_value": null,
          "pk": 0
        },
        {
          "cid": 2,
          "name": "equipment_id",
          "type": "INTEGER",
          "notnull": 1,
          "dflt_value": null,
          "pk": 0
        },
        {
          "cid": 3,
          "name": "quantity",
          "type": "INTEGER",
          "notnull": 1,
          "dflt_value": "1",
          "pk": 0
        },
        {
          "cid": 4,
          "name": "assigned_by",
          "type": "INTEGER",
          "notnull": 0,
          "dflt_value": null,
          "pk": 0
        },
        {
          "cid": 5,
          "name": "assigned_at",
          "type": "TEXT",
          "notnull": 1,
          "dflt_value": "datetime('now')",
          "pk": 0
        },
        {
          "cid": 6,
          "name": "returned",
          "type": "INTEGER",
          "notnull": 1,
          "dflt_value": "0",
          "pk": 0
        },
        {
          "cid": 7,
          "name": "returned_at",
          "type": "TEXT",
          "notnull": 0,
          "dflt_value": null,
          "pk": 0
        },
        {
          "cid": 8,
          "name": "notes",
          "type": "TEXT",
          "notnull": 0,
          "dflt_value": null,
          "pk": 0
        }
      ],
      "row_count": 0
    },
    "event_categories": {
      "columns": [
        {
          "cid": 0,
          "name": "id",
          "type": "INTEGER",
          "notnull": 0,
          "dflt_value": null,
          "pk": 1
        },
        {
          "cid": 1,
          "name": "name",
          "type": "TEXT",
          "notnull": 1,
          "dflt_value": null,
          "pk": 0
        },
        {
          "cid": 2,
          "name": "description",
          "type": "TEXT",
          "notnull": 0,
          "dflt_value": null,
          "pk": 0
        },
        {
          "cid": 3,
          "name": "color",
          "type": "TEXT",
          "notnull": 1,
          "dflt_value": null,
          "pk": 0
        },
        {
          "cid": 4,
          "name": "created_by",
          "type": "INTEGER",
          "notnull": 0,
          "dflt_value": null,
          "pk": 0
        }
      ],
      "row_count": 3
    },
    "event_conflicts": {
      "columns": [
        {
          "cid": 0,
          "name": "id",
          "type": "INTEGER",
          "notnull": 0,
          "dflt_value": null,
          "pk": 1
        },
        {
          "cid": 1,
          "name": "event_id",
          "type": "INTEGER",
          "notnull": 1,
          "dflt_value": null,
          "pk": 0
        },
        {
          "cid": 2,
          "name": "conflicting_event_id",
          "type": "INTEGER",
          "notnull": 1,
          "dflt_value": null,
          "pk": 0
        },
        {
          "cid": 3,
          "name": "conflict_type",
          "type": "TEXT",
          "notnull": 1,
          "dflt_value": null,
          "pk": 0
        },
        {
          "cid": 4,
          "name": "resolved",
          "type": "INTEGER",
          "notnull": 0,
          "dflt_value": "0",
          "pk": 0
        },
        {
          "cid": 5,
          "name": "created_at",
          "type": "TIMESTAMP",
          "notnull": 0,
          "dflt_value": "CURRENT_TIMESTAMP",
          "pk": 0
        },
        {
          "cid": 6,
          "name": "updated_at",
          "type": "TIMESTAMP",
          "notnull": 0,
          "dflt_value": "CURRENT_TIMESTAMP",
          "pk": 0
        }
      ],
      "row_count": 0
    },
    "event_elements": {
      "columns": [
        {
          "cid": 0,
          "name": "event_id",
          "type": "INTEGER",
          "notnull": 1,
          "dflt_value": null,
          "pk": 1
        },
        {
          "cid": 1,
          "name": "element_id",
          "type": "INTEGER",
          "notnull": 1,
          "dflt_value": null,
          "pk": 2
        },
        {
          "cid": 2,
          "name": "quantity",
          "type": "INTEGER",
          "notnull": 1,
          "dflt_value": null,
          "pk": 0
        }
      ],
      "row_count": 3
    },
    "event_kits": {
      "columns": [
        {
          "cid": 0,
          "name": "event_id",
          "type": "INTEGER",
          "notnull": 1,
          "dflt_value": null,
          "pk": 1
        },
        {
          "cid": 1,
          "name": "kit_id",
          "type": "INTEGER",
          "notnull": 1,
          "dflt_value": null,
          "pk": 2
        },
        {
          "cid": 2,
          "name": "quantity",
          "type": "INTEGER",
          "notnull": 1,
          "dflt_value": null,
          "pk": 0
        }
      ],
      "row_count": 0
    },
    "event_tasks": {
      "columns": [
        {
          "cid": 0,
          "name": "id",
          "type": "INTEGER",
          "notnull": 0,
          "dflt_value": null,
          "pk": 1
        },
        {
          "cid": 1,
          "name": "event_id",
          "type": "INTEGER",
          "notnull": 1,
          "dflt_value": null,
          "pk": 0
        },
        {
          "cid": 2,
          "name": "description",
          "type": "TEXT",
          "notnull": 1,
          "dflt_value": null,
          "pk": 0
        },
        {
          "cid": 3,
          "name": "status",
          "type": "TEXT",
          "notnull": 0,
          "dflt_value": "'pending'",
          "pk": 0
        },
        {
          "cid": 4,
          "name": "is_completed",
          "type": "INTEGER",
          "notnull": 0,
          "dflt_value": "0",
          "pk": 0
        },
        {
          "cid": 5,
          "name": "due_date",
          "type": "DATE",
          "notnull": 0,
          "dflt_value": null,
          "pk": 0
        },
        {
          "cid": 6,
          "name": "assigned_to",
          "type": "INTEGER",
          "notnull": 0,
          "dflt_value": null,
          "pk": 0
        },
        {
          "cid": 7,
          "name": "created_by",
          "type": "INTEGER",
          "notnull": 0,
          "dflt_value": null,
          "pk": 0
        },
        {
          "cid": 8,
          "name": "created_at",
          "type": "TIMESTAMP",
          "notnull": 0,
          "dflt_value": "CURRENT_TIMESTAMP",
          "pk": 0
        },
        {
          "cid": 9,
          "name": "updated_at",
          "type": "TIMESTAMP",
          "notnull": 0,
          "dflt_value": "CURRENT_TIMESTAMP",
          "pk": 0
        }
      ],
      "row_count": 0
    },
    "event_template_fields": {
      "columns": [
        {
          "cid": 0,
          "name": "id",
          "type": "INTEGER",
          "notnull": 0,
          "dflt_value": null,
          "pk": 1
        },
        {
          "cid": 1,
          "name": "template_id",
          "type": "INTEGER",
          "notnull": 1,
          "dflt_value": null,
          "pk": 0
        },
        {
          "cid": 2,
          "name": "field_name",
          "type": "TEXT",
          "notnull": 1,
          "dflt_value": null,
          "pk": 0
        },
        {
          "cid": 3,
          "name": "field_value",
          "type": "TEXT",
          "notnull": 0,
          "dflt_value": null,
          "pk": 0
        }
      ],
      "row_count": 0
    },
    "event_templates": {
      "columns": [
        {
          "cid": 0,
          "name": "id",
          "type": "INTEGER",
          "notnull": 0,
          "dflt_value": null,
          "pk": 1
        },
        {
          "cid": 1,
          "name": "name",
          "type": "TEXT",
          "notnull": 1,
          "dflt_value": null,
          "pk": 0
        },
        {
          "cid": 2,
          "name": "category_id",
          "type": "INTEGER",
          "notnull": 0,
          "dflt_value": null,
          "pk": 0
        },
        {
          "cid": 3,
          "name": "description",
          "type": "TEXT",
          "notnull": 0,
          "dflt_value": null,
          "pk": 0
        },
        {
          "cid": 4,
          "name": "color",
          "type": "TEXT",
          "notnull": 1,
          "dflt_value": "'#3788d8'",
          "pk": 0
        },
        {
          "cid": 5,
          "name": "default_duration",
          "type": "REAL",
          "notnull": 1,
          "dflt_value": "2",
          "pk": 0
        },
        {
          "cid": 6,
          "name": "notes",
          "type": "TEXT",
          "notnull": 0,
          "dflt_value": null,
          "pk": 0
        },
        {
          "cid": 7,
          "name": "created_by",
          "type": "INTEGER",
          "notnull": 0,
          "dflt_value": null,
          "pk": 0
        },
        {
          "cid": 8,
          "name": "created_at",
          "type": "TEXT",
          "notnull": 1,
          "dflt_value": "datetime('now')",
          "pk": 0
        }
      ],
      "row_count": 0
    },
    "events": {
      "columns": [
        {
          "cid": 0,
          "name": "event_id",
          "type": "INTEGER",
          "notnull": 0,
          "dflt_value": null,
          "pk": 1
        },
        {
          "cid": 1,
          "name": "event_name",
          "type": "TEXT",
          "notnull": 1,
          "dflt_value": null,
          "pk": 0
        },
        {
          "cid": 2,
          "name": "client_id",
          "type": "INTEGER",
          "notnull": 0,
          "dflt_value": null,
          "pk": 0
        },
        {
          "cid": 3,
          "name": "category_id",
          "type": "INTEGER",
          "notnull": 0,
          "dflt_value": null,
          "pk": 0
        },
        {
          "cid": 4,
          "name": "template_id",
          "type": "INTEGER",
          "notnull": 0,
          "dflt_value": null,
          "pk": 0
        },
        {
          "cid": 5,
          "name": "ics_uid",
          "type": "TEXT",
          "notnull": 0,
          "dflt_value": null,
          "pk": 0
        },
        {
          "cid": 6,
          "name": "event_date",
          "type": "TEXT",
          "notnull": 0,
          "dflt_value": null,
          "pk": 0
        },
        {
          "cid": 7,
          "name": "end_date",
          "type": "TEXT",
          "notnull": 0,
          "dflt_value": null,
          "pk": 0
        },
        {
          "cid": 8,
          "name": "drop_off_time",
          "type": "TEXT",
          "notnull": 0,
          "dflt_value": null,
          "pk": 0
        },
        {
          "cid": 9,
          "name": "pickup_time",
          "type": "TEXT",
          "notnull": 0,
          "dflt_value": null,
          "pk": 0
        },
        {
          "cid": 10,
          "name": "is_all_day",
          "type": "INTEGER",
          "notnull": 0,
          "dflt_value": "0",
          "pk": 0
        },
        {
          "cid": 11,
          "name": "has_conflicts",
          "type": "INTEGER",
          "notnull": 0,
          "dflt_value": "0",
          "pk": 0
        },
        {
          "cid": 12,
          "name": "is_recurring",
          "type": "INTEGER",
          "notnull": 0,
          "dflt_value": "0",
          "pk": 0
        },
        {
          "cid": 13,
          "name": "recurrence_pattern",
          "type": "TEXT",
          "notnull": 0,
          "dflt_value": null,
          "pk": 0
        },
        {
          "cid": 14,
          "name": "recurrence_end_date",
          "type": "TEXT",
          "notnull": 0,
          "dflt_value": null,
          "pk": 0
        },
        {
          "cid": 15,
          "name": "parent_event_id",
          "type": "INTEGER",
          "notnull": 0,
          "dflt_value": null,
          "pk": 0
        },
        {
          "cid": 16,
          "name": "original_start_date",
          "type": "TEXT",
          "notnull": 0,
          "dflt_value": null,
          "pk": 0
        },
        {
          "cid": 17,
          "name": "manager",
          "type": "TEXT",
          "notnull": 0,
          "dflt_value": null,
          "pk": 0
        },
        {
          "cid": 18,
          "name": "onsite_contact",
          "type": "TEXT",
          "notnull": 0,
          "dflt_value": null,
          "pk": 0
        },
        {
          "cid": 19,
          "name": "onsite_contact_phone",
          "type": "TEXT",
          "notnull": 0,
          "dflt_value": null,
          "pk": 0
        },
        {
          "cid": 20,
          "name": "event_location",
          "type": "TEXT",
          "notnull": 0,
          "dflt_value": null,
          "pk": 0
        },
        {
          "cid": 21,
          "name": "location_id",
          "type": "INTEGER",
          "notnull": 0,
          "dflt_value": null,
          "pk": 0
        },
        {
          "cid": 22,
          "name": "items_needed",
          "type": "TEXT",
          "notnull": 0,
          "dflt_value": null,
          "pk": 0
        },
        {
          "cid": 23,
          "name": "boxes_from_pi",
          "type": "INTEGER",
          "notnull": 0,
          "dflt_value": null,
          "pk": 0
        },
        {
          "cid": 24,
          "name": "notes",
          "type": "TEXT",
          "notnull": 0,
          "dflt_value": null,
          "pk": 0
        },
        {
          "cid": 25,
          "name": "status",
          "type": "TEXT",
          "notnull": 0,
          "dflt_value": "'booked'",
          "pk": 0
        },
        {
          "cid": 26,
          "name": "created_by",
          "type": "INTEGER",
          "notnull": 0,
          "dflt_value": null,
          "pk": 0
        },
        {
          "cid": 27,
          "name": "created_at",
          "type": "TEXT",
          "notnull": 1,
          "dflt_value": "datetime('now')",
          "pk": 0
        },
        {
          "cid": 28,
          "name": "last_updated",
          "type": "TEXT",
          "notnull": 0,
          "dflt_value": null,
          "pk": 0
        },
        {
          "cid": 29,
          "name": "last_updated_by",
          "type": "INTEGER",
          "notnull": 0,
          "dflt_value": null,
          "pk": 0
        }
      ],
      "row_count": 3
    },
    "invoices": {
      "columns": [
        {
          "cid": 0,
          "name": "id",
          "type": "INTEGER",
          "notnull": 0,
          "dflt_value": null,
          "pk": 1
        },
        {
          "cid": 1,
          "name": "event_id",
          "type": "INTEGER",
          "notnull": 0,
          "dflt_value": null,
          "pk": 0
        },
        {
          "cid": 2,
          "name": "client_id",
          "type": "INTEGER",
          "notnull": 0,
          "dflt_value": null,
          "pk": 0
        },
        {
          "cid": 3,
          "name": "amount",
          "type": "REAL",
          "notnull": 0,
          "dflt_value": null,
          "pk": 0
        },
        {
          "cid": 4,
          "name": "issue_date",
          "type": "TEXT",
          "notnull": 1,
          "dflt_value": "datetime('now')",
          "pk": 0
        },
        {
          "cid": 5,
          "name": "due_date",
          "type": "TEXT",
          "notnull": 0,
          "dflt_value": null,
          "pk": 0
        },
        {
          "cid": 6,
          "name": "status",
          "type": "TEXT",
          "notnull": 0,
          "dflt_value": "'unpaid'",
          "pk": 0
        },
        {
          "cid": 7,
          "name": "notes",
          "type": "TEXT",
          "notnull": 0,
          "dflt_value": null,
          "pk": 0
        },
        {
          "cid": 8,
          "name": "created_by",
          "type": "INTEGER",
          "notnull": 0,
          "dflt_value": null,
          "pk": 0
        },
        {
          "cid": 9,
          "name": "last_updated",
          "type": "TEXT",
          "notnull": 0,
          "dflt_value": null,
          "pk": 0
        },
        {
          "cid": 10,
          "name": "last_updated_by",
          "type": "INTEGER",
          "notnull": 0,
          "dflt_value": null,
          "pk": 0
        }
      ],
      "row_count": 0
    },
    "kit_elements": {
      "columns": [
        {
          "cid": 0,
          "name": "kit_id",
          "type": "INTEGER",
          "notnull": 1,
          "dflt_value": null,
          "pk": 1
        },
        {
          "cid": 1,
          "name": "element_id",
          "type": "INTEGER",
          "notnull": 1,
          "dflt_value": null,
          "pk": 2
        },
        {
          "cid": 2,
          "name": "quantity",
          "type": "INTEGER",
          "notnull": 1,
          "dflt_value": null,
          "pk": 0
        }
      ],
      "row_count": 4
    },
    "kits": {
      "columns": [
        {
          "cid": 0,
          "name": "kit_id",
          "type": "INTEGER",
          "notnull": 0,
          "dflt_value": null,
          "pk": 1
        },
        {
          "cid": 1,
          "name": "kit_name",
          "type": "TEXT",
          "notnull": 1,
          "dflt_value": null,
          "pk": 0
        },
        {
          "cid": 2,
          "name": "description",
          "type": "TEXT",
          "notnull": 0,
          "dflt_value": null,
          "pk": 0
        }
      ],
      "row_count": 2
    },
    "locations": {
      "columns": [
        {
          "cid": 0,
          "name": "id",
          "type": "INTEGER",
          "notnull": 0,
          "dflt_value": null,
          "pk": 1
        },
        {
          "cid": 1,
          "name": "name",
          "type": "TEXT",
          "notnull": 1,
          "dflt_value": null,
          "pk": 0
        },
        {
          "cid": 2,
          "name": "address",
          "type": "TEXT",
          "notnull": 0,
          "dflt_value": null,
          "pk": 0
        },
        {
          "cid": 3,
          "name": "city",
          "type": "TEXT",
          "notnull": 0,
          "dflt_value": null,
          "pk": 0
        },
        {
          "cid": 4,
          "name": "state",
          "type": "TEXT",
          "notnull": 0,
          "dflt_value": null,
          "pk": 0
        },
        {
          "cid": 5,
          "name": "zip_code",
          "type": "TEXT",
          "notnull": 0,
          "dflt_value": null,
          "pk": 0
        },
        {
          "cid": 6,
          "name": "country",
          "type": "TEXT",
          "notnull": 0,
          "dflt_value": "'USA'",
          "pk": 0
        },
        {
          "cid": 7,
          "name": "phone",
          "type": "TEXT",
          "notnull": 0,
          "dflt_value": null,
          "pk": 0
        },
        {
          "cid": 8,
          "name": "email",
          "type": "TEXT",
          "notnull": 0,
          "dflt_value": null,
          "pk": 0
        },
        {
          "cid": 9,
          "name": "website",
          "type": "TEXT",
          "notnull": 0,
          "dflt_value": null,
          "pk": 0
        },
        {
          "cid": 10,
          "name": "notes",
          "type": "TEXT",
          "notnull": 0,
          "dflt_value": null,
          "pk": 0
        },
        {
          "cid": 11,
          "name": "is_active",
          "type": "INTEGER",
          "notnull": 0,
          "dflt_value": "1",
          "pk": 0
        },
        {
          "cid": 12,
          "name": "created_at",
          "type": "TIMESTAMP",
          "notnull": 0,
          "dflt_value": "CURRENT_TIMESTAMP",
          "pk": 0
        },
        {
          "cid": 13,
          "name": "updated_at",
          "type": "TIMESTAMP",
          "notnull": 0,
          "dflt_value": "CURRENT_TIMESTAMP",
          "pk": 0
        }
      ],
      "row_count": 0
    },
    "password_reset_tokens": {
      "columns": [
        {
          "cid": 0,
          "name": "id",
          "type": "INTEGER",
          "notnull": 0,
          "dflt_value": null,
          "pk": 1
        },
        {
          "cid": 1,
          "name": "user_id",
          "type": "INTEGER",
          "notnull": 1,
          "dflt_value": null,
          "pk": 0
        },
        {
          "cid": 2,
          "name": "token",
          "type": "TEXT",
          "notnull": 1,
          "dflt_value": null,
          "pk": 0
        },
        {
          "cid": 3,
          "name": "expires_at",
          "type": "TEXT",
          "notnull": 1,
          "dflt_value": null,
          "pk": 0
        },
        {
          "cid": 4,
          "name": "used",
          "type": "INTEGER",
          "notnull": 1,
          "dflt_value": "0",
          "pk": 0
        }
      ],
      "row_count": 0
    },
    "sqlite_sequence": {
      "columns": [
        {
          "cid": 0,
          "name": "name",
          "type": "",
          "notnull": 0,
          "dflt_value": null,
          "pk": 0
        },
        {
          "cid": 1,
          "name": "seq",
          "type": "",
          "notnull": 0,
          "dflt_value": null,
          "pk": 0
        }
      ],
      "row_count": 7
    },
    "template_equipment": {
      "columns": [
        {
          "cid": 0,
          "name": "id",
          "type": "INTEGER",
          "notnull": 0,
          "dflt_value": null,
          "pk": 1
        },
        {
          "cid": 1,
          "name": "template_id",
          "type": "INTEGER",
          "notnull": 1,
          "dflt_value": null,
          "pk": 0
        },
        {
          "cid": 2,
          "name": "equipment_id",
          "type": "INTEGER",
          "notnull": 1,
          "dflt_value": null,
          "pk": 0
        },
        {
          "cid": 3,
          "name": "quantity",
          "type": "INTEGER",
          "notnull": 1,
          "dflt_value": "1",
          "pk": 0
        }
      ],
      "row_count": 0
    },
    "users": {
      "columns": [
        {
          "cid": 0,
          "name": "id",
          "type": "INTEGER",
          "notnull": 0,
          "dflt_value": null,
          "pk": 1
        },
        {
          "cid": 1,
          "name": "username",
          "type": "TEXT",
          "notnull": 1,
          "dflt_value": null,
          "pk": 0
        },
        {
          "cid": 2,
          "name": "password_hash",
          "type": "TEXT",
          "notnull": 1,
          "dflt_value": null,
          "pk": 0
        },
        {
          "cid": 3,
          "name": "email",
          "type": "TEXT",
          "notnull": 1,
          "dflt_value": null,
          "pk": 0
        },
        {
          "cid": 4,
          "name": "full_name",
          "type": "TEXT",
          "notnull": 1,
          "dflt_value": null,
          "pk": 0
        },
        {
          "cid": 5,
          "name": "role",
          "type": "TEXT",
          "notnull": 1,
          "dflt_value": null,
          "pk": 0
        },
        {
          "cid": 6,
          "name": "created_at",
          "type": "TEXT",
          "notnull": 1,
          "dflt_value": "datetime('now')",
          "pk": 0
        },
        {
          "cid": 7,
          "name": "last_login",
          "type": "TEXT",
          "notnull": 0,
          "dflt_value": null,
          "pk": 0
        }
      ],
      "row_count": 2
    }
  },
  "data_counts": {
    "calendar_feeds": 0,
    "client_communications": 0,
    "clients": 2,
    "element_types": 15,
    "elements": 5,
    "equipment": 0,
    "equipment_assignments": 0,
    "event_categories": 3,
    "event_conflicts": 0,
    "event_elements": 3,
    "event_kits": 0,
    "event_tasks": 0,
    "event_template_fields": 0,
    "event_templates": 0,
    "events": 3,
    "invoices": 0,
    "kit_elements": 4,
    "kits": 2,
    "locations": 0,
    "password_reset_tokens": 0,
    "sqlite_sequence": 7,
    "template_equipment": 0,
    "users": 2
  },
  "issues": [],
  "relationships": [
    "Events \u2192 Clients: 3 linked records",
    "Event Elements \u2192 Events: 3 linked records",
    "Kit Elements \u2192 Kits: 4 linked records"
  ],
  "indexes": [
    "idx_events_dates on events",
    "idx_events_ics_uid on events"
  ]
}